[
  {
    "text": "🧩 v0.2.1 — Polish & Prestige Prep now live!",
    "link": "/news/v0-2-1-polish-and-prestige-prep"
  },
  {
    "text": "🎨 Major v0.2.0 UI Overhaul — new layout, achievements, and stores!",
    "link": "/news/v0-2-0-layout-overhaul-achievements"
  },
  {
    "text": "💖 Thank you for 100 players and growing!",
    "link": "/news/community-milestone-100-players"
  },
  {
    "text": "📘 The /guide page has been fully updated with new strategies and tips!",
    "link": "/guide"
  }
]
